No,Isi Berita,Jenis Berita
1,"Kebakaran hebat melanda satu di antara landmark terkenal di Paris, Gereja Katedral Notre Dame pada Senin (15/4/2019) malam waktu setempat. Akibat kebakaran ini, bagian atap dan puncak menara Gereja Katedral Notre Dame hancur. Usai kebakaran berhasil dipadamkan setelah sekitar 9 jam, upaya restorasi alias pemulihan kembali Gereja Katedral Notre Dame pun akan dilaksanakan. Namun, kemungkinan jika Gereja Notre Dame ini dibangun kembali, penampakannya tak akan sama. Dikutip TribunPalu.com dari laman This is Insider, hal tersebut dikarenakan Prancis tak lagi punya pohon yang cukup tinggi untuk dibuat sebagai atap Gereja Notre Dame persis seperti dulu. Hal ini diungkapkan oleh wakil presiden kelompok pelestari Fondation du Patrimoine, Bertrand de Feydeau kepada France Info, Selasa (16/4/2019) lalu. ""Kami akan harus menerapkan teknologi baru yang akan meninggalkan penampakan Gereja Katedral Notre Dame yang kita sayangi,"" kata Bertrand. Gereja Katedral Notre Dame memiliki dimensi 130 kali 48 meter dengan atap setinggi 35 meter. Sementara fasad yang bisa dilihat pengunjung dari bagian nave (bagian tengah gereja) terbuat dari batu, dengan balok di atasnya yang terbuat dari batu. Kebakaran pada Senin (15/4/2019) lalu bermula di bagian loteng dan menghancurkan sebagian besar atap Gereja Notre Dame.",Luar Negeri
2,"Lima belas tewas, termasuk di antaranya enam anak-anak, ketika tiga pria meledakkan diri saat pasukan keamanan Sri Lanka menyerbu kelompok ekstrimis Islam pada Jumat (26/4) malam. Beberapa orang tewas karena tembakan yang dilesakkan oleh polisi Sri Lanka. Ledakan bom bunuh diri di suatu rumah persinggahan di dekat kota Kalmunai menewaskan tiga perempuan dan enam anak-anak, demikian keterangan polisi. Selama satu jam, polisi yang didukung oleh pasukan keamanan saling balas tembakan dengan kelompok militan di dalam rumah. Tubuh korban tewas baru bisa dievakuasi pada Sabtu pagi. Satu penduduk sipil tewas dalam baku tembak tersebut, sementara di pihak pasukan keamanan tidak ada korban jiwa. Polisi menunjukkan seragam dan bendera. Mereka juga menyita 150 batang dinamit dan 100 ribu bantalan dari rumah persembunyian. Sri Lanka melakukan penyerbuan itu setelah mendapatkan bocoran bahwa para pelaku bom Paskah bersembunyi di suatu area di Kalmunai, 370 kilometer dari ibu kota Sri Lanka, Kolombo. Sebelumnya, polisi juga mengatakan bahwa mereka menemukan bendera ISIS dan seragam yang mirip dengan yang digunakan oleh delapan militan dalam video yang tersebar sebelum serangan. Sri Lanka telah meningkatkan operasi pencarian untuk ekstrimis Islam yang bertanggung jawab atas pemboman pada Minggu (21/4) lalu. Kepolisian Sri Lanka tengah memburu 140 orang yang diyakini memiliki hubungan dengan kelompok militan ISIS dan terkait dengan serangan bom beruntun di Hari Paskah. Salah satu dalang di balik rangkaian serangan bom bunuh diri tersebut, Zahran Hashim, dilaporkan tewas saat meledakkan bom di Hotel Shangri-La.",Luar Negeri
3,"Kebakaran melanda Katedral Notre-Dame di Paris. Kejadian ini mengguncang masyarakat dunia karena katedral tersebut bukan sekedar tempat ibadah, tetapi juga sebagai karya seni arsitektur sekaligus saksi bisu atas sejumlah peperangan dahsyat yang pernah terjadi. Diberitakan AFP, kebakaran tersebut meruntuhkan menara Katedral Notre-Dame pada pada Senin (15/4) sore waktu setempat. Sejumlah petinggi dunia pun sontak menyampaikan bela sungkawa atas kebakaran yang melanda bangunan yang telah berusia lebih dari 800 tahun tersebut. Termasuk dari Vatikan. ""Kami menyatakan simpati kami dengan umat Katolik Prancis dan masyarakat Paris dan kami melantunkan doa-doa kami untuk para pemadam kebakaran dan semua orang yang melakukan segala upaya untuk berurusan dengan situasi dramatis ini,"" kata kata Alessandro Gisotti, juru bicara Vatikan dalam pernyataannya. Adapun informasi kronologi kebakaran yang berhasil dihimpun adalah sebagai berikut: 1. Pukul 18:50 waktu setempat api mulai terlihat dari atap katedral Notre-Dame. Pemadam kebakaran juga mulai mendapat informasi awal mengenai kejadian. 2. Pukul 19:40 api menyebar ke puncak menara katedral Notre-Dame. Pada saat yang sama, Presiden Prancis Emmanuel Macron membatalkan sebuah acara televisi dan bergerak untuk meninjau langsung proses pemadaman. 3. Pukul19:53, puncak menara Gereja Katedral runtuh. 4. Pukul 20:07, seluruh atap Notre-Dame runtuh, menurut koresponden Reuters di lokasi kejadian. 5. Pukul 20.27 waktu setempat sejumlah warga dievakuasi ke Ile de la Cité Paris, pulau di sisi lain Notre-Dame. Polisi juga membantu proses evakuasi.",Luar Negeri
4,"Raksasa e-commerce Amazon berencana menutup toko online-nya di China. Ini sejalan dengan upaya Amazon mengecilkan operasionalnya di Negeri Tirai Bambu tersebut. Toko online Amazon memungkinkan konsumen membeli produk-produk dari penjual lokal. Pihak Amazon menyatakan, toko online-nya di China akan berhenti beroperasi mulai Juli 2019 mendatang. Dikutip dari BBC, Kamis (18/4/2019), meski tak beroperasi lagi, namun konsumen China masih bisa membeli barang dari toko online global Amazon. Pihak Amazon pun menyatakan tetap mengoperasikan bisnis cloud alias awannya di China. Rencana tersebut diumumkan sejalan dengan kondisi persaingan ketat yang dialami Amazon dengan pesaing-pesaing lokalnya di China, seperti Alibaba dan JD.com. Diwartakan Reuters, penutupan toko online Amazon di China dimaksudkan agar perusahaan itu lebih fokus pada bisnis penjualan produk asing secara online dan layanan awan. Divibisnis komputasi awan Amazon pun selama ini menguntungkan. Juru bicara Amazon dalam pernyataannya mengatakan bahwa pihaknya bekerja sama dengan para penjual untuk memastikan transisi yang mulus dan melanjutkan pemberian pengalaman yang terbaik bagi konsumen. Sementara itu, Bloomberg mengabarkan bahwa konsumen yang mengakses laman Amazon.cn setelah tanggal 18 Juli 2019 akan melihat pilihan produk dari toko online global Amazon. Pada tahun 2004 silam, Amazon mengakuisisi Joyo.com, toko online China yang menjual buku, musik, dan video dengan nilai transaksi 75 juta dollar AS. Kemudian, tahun 2007, Amazon mengubah nama Joyo.com menjadi Amazon.cn.",Keuangan
5,"Menteri Perhubungan (Menhub) Budi Karya Sumadi menilai maskapai Garuda Indonesia tak tulus dalam menyediakan tiket pesawat dengan harga yang terjangkau bagi masyarakat. Sebab, potongan harga yang diberikan maskapai pelat merah itu hanya dalam rangka memeriahkan ulang tahun Kementerian BUMN. ""Makanya saya bilang kalian (Garuda Indonesia) itu tidak tulus, enggak jujur (dalam menurunkan harga tiket pesawat). Kita kan ngomong sama masyarakat mesti jujur,"" ujar Budi di Jakarta, Rabu (17/4/2019). Budi menambahkan, seharusnya Garuda Indonesia dalam menentukan harga tiket pesawat dilakukan secara transparan. Hal ini perlu dilakukan agar masyarakat tak salah memahami. ""Ya kan harus terbuka dan orang kan multitafsir kalau kayak gitu kan, kan masyarakat ini kan banyak,"" kata Budi. Budi mengaku telah bertemu dengan Ditektur Utama Garuda Indonesia Ari Askhara untuk membahas soal harga tiket pesawat. Dalam pertemuan itu, Budi meminta Garuda Indonesia mencantumkan secara detil mengenai tiket pesawat dengan harga normal dan yang mendapat potongan harga. ""Saya beri kesempatan Garuda sebagai public company menetapkan sendiri (tarifnya). Toh itu ada di UU kan aturan itu. Kalau 2 minggu lagi tidak bisa ya saya yang tetapin,"" kata dia. Sebelumnya, Maskapai Garuda Indonesia akan memberikan diskon harga tiket penerbangan hingga 50 persen untuk seluruh rute penerbangan domestik. Diskon ini diberikan dalam rangka menyambut HUT Kementerian BUMN ke-21. Promo potongan harga tiket penerbangan tersebut dikemas dalam acara “Garuda Indonesia Online Travel Festival” dan berlaku mulai 31 Maret hingga 13 Mei 2019 untuk channel penjualan Online Travel Agent (OTA), aplikasi mobile apps, Linkaja hingga website (www.garuda-indonesia.com).",Keuangan
6,"Pasukan keamanan Sri Lanka menemukan 15 mayat, termasuk enam anak-anak, pada Sabtu (27/4/2019) pagi. Belasan mayat itu ditemukan setelah teroris yang terkait dengan serangan bom Paskah melepaskan tembakan dan meledekkan bahan peledak saat penggerebekan sebuah rumah di timur negara itu. Baku tembak terjadi pada Jumat malam setelah polisi memberi tahu tentara sebuah rumah persembunyian di dekat kota Sammanthurai. Pihak berwenang mengatakan teroris meledakkan tiga ledakan dan melepaskan tembakan. ""Setidaknya tiga orang lainnya cedera dalam penggerebekan itu,"" kata juru bicara kepolisian Sri Lanka Ruwan Gunasekara, seperti disitir dari AP. Ia mengatakan bahwa beberapa orang yang tewas kemungkinan adalah teroris yang meledakkan diri dalam aksi bom bunuh diri. Sebelumnya, militer mengatakan setidaknya satu warga sipil tewas dalam serangan itu. Mayor Jenderal Aruna Jayasekara, komandan militer setempat, mengatakan tentara dan polisi menunggu sampai Sabtu siang untuk melakukan penggerebekan lebih lanjut di Provinsi Timur mengingat rumah-rumah dibangun begitu berdekatan. Sementara itu, militer mengatakan pasukan keamanan telah menemukan bahan peledak, detonator, peralatan bunuh diri, seragam militer dan bendera kelompok Negara Islam (ISIS) dalam serangan yang sedang berlangsung. Di daerah yang sama, juru bicara kepolisian Ruwan Gunasekara mengatakan, petugas yang bertindak berdasarkan informasi dari pejabat intelijen menemukan 150 batang peledak gelatin dan 100.000 bola logam kecil, serta sebuah van dan pakaian yang diduga digunakan oleh mereka yang terlibat dalam serangan Paskah. Rompi bom bunuh diri sering dikemas dengan bola seperti itu untuk meningkatkan pecahan peluru dalam ledakan, membuatnya lebih mematikan. Para pejabat dari polisi hingga perdana menteri mengatakan teroris tetap berkeliaran dan memiliki akses ke bahan peledak. Kondisi itu menyebabkan peningkatan keamanan di tempat-tempat suci, gereja, kuil, dan masjid di seluruh negara multietnis itu.",Luar Negeri
7,"Hakim federal Amerika Serikat (AS) menjatuhkan hukuman 18 bulan penjara kepada Maria Butina, agen Rusia yang dituduh menyusup dan ikut memengaruhi kebijakan AS terhadap Moskow. Butina sendiri telah mengaku bersalah atas tudunhan konspirasi di pengadilan federal. Butina adalah warga negara Rusia pertama yang dihukum karena kejahatan yang berkaitan dengan Pemilu AS 2016. Ia dihukum meski menurut laporan Jaksa Robert Mueller menyebut upaya Butina menyusup ke lingkaran Partai Republik terpisah dari kampanye Pemilu Kremlin. Wanita berusia 30 tahun yang konsen pada hak-hak senjata ini telah dipenjara sejak penangkapannya pada Juli dan akan menerima kredit sembilan bulan masa hukuman yang telah dijalaninya. Dia kemudian akan dideportasi ke Rusia setelah menjalani hukumannya. ""Ibu bukan kesalahpahaman sederhana oleh seorang pelajar asing yang terlalu bersemangat,"" tegas Hakim Tanya Chutkan, dikutip dari CNN, Sabtu (27/4) Chutkan mengatakan bahwa Butina, yang belajar di America University, Washington terlibat dalam pekerjaan atas nama pejabat Rusia yang dinilai ""canggih"" dan ""berbahaya"". ""Tindakan itu canggih dan menembus jauh ke dalam organisasi politik,"" kata Chutkan, berpihak pada rekomendasi hukuman pemerintah dan mencatat bahwa tindakan Butina terjadi ketika Rusia secara aktif berusaha ikut campur dalam proses demokrasi AS. Butina berbicara selama lima menit di persidangan hari Jumat (27/4) waktu setempat. Suaranya terkadang pecah, saat dia menyatakan penyesalan atas kejahatannya dan meminta pengampunan. ""Aku sangat menyesali kejahatan ini.Saya datang ke AS bukan di bawah perintah tetapi dengan harapan membangun jembatan antara tanah air saya dan negara yang saya cintai,"" ungkap dia.  Mahasiswa tersebut mengaku bersalah pada Desember atas tuduhan konspirasi untuk bertindak sebagai agen pejabat asing. Dia mengaku menggunakan kontaknya di lingkaran politik GOP, di National Rifle Association dan di National Prayer Breakfast untuk mempengaruhi hubungan AS dengan Rusia. Sebagai bagian dari kesepakatan pembelaannya, Butina telah bekerja sama secara luas dengan pemerintah. Sebuah sumber yang mengetahui situasi ini mengatakan dia memberikan informasi tentang pacarnya, operasi politik GOP Paul Erickson, yang diduga terlibat dalam rencananya. Sejauh ini, Erickson belum menghadapi dakwaan di Washington DC. Erickson didakwa pada Februari atas tuduhan penipuan kawat dan pencucian uang dalam kasus terpisah di South Dakota. Dia mengaku tidak bersalah atas tuduhan federal.",Luar Negeri
8,"Kepolisian Sri Lanka saling melempar tembakan dengan sekelompok pria bersenjata yang diduga terafiliasi dengan Negara Islam (ISIS). Insiden dimulai saat militan bersenjata berada di sebuah rumah di Kota Kalmunai, berjarak 370 kilometer dari ibukota. Bentrokan terjadi beberapa jam setelah tentara dan polisi menggerebek lokasi. ""Kami menemukan empat mayat yang diduga sebagai pelaku bom bunuh diri,"" ujar juru bicara militer Sumith Atapattu, melansir AFP. Dalam insiden itu, sejumlah pria terduga berafiliasi ISIS juga dilaporkan meledakkan diri dan menewaskan beberapa warga sipil di antaranya. Operasi gabungan antara polisi dan militer dilakukan setelah adanya informasi bahwa kelompok militan pelaku serangan beruntun bom Paskah pada akhir pekan lalu bersembunyi di salah satu bangunan di kawasan Kalmunai. Polisi menunjukkan seragam dan bendera. Mereka juga menyita 150 batang dinamit dan 100 ribu bantalan dari rumah persembunyian. Sebelumnya, polisi juga mengatakan bahwa mereka menemukan bendera ISIS dan seragam yang mirip dengan yang digunakan oleh delapan militan dalam video yang tersebar sebelum serangan. Sri Lanka telah meningkatkan operasi pencarian untuk ekstrimis Islam yang bertanggung jawab atas pemboman pada Minggu (21/4) lalu. Kepolisian Sri Lanka tengah memburu 140 orang yang diyakini memiliki hubungan dengan kelompok militan ISIS dan terkait dengan serangan bom beruntun di Hari Paskah. Salah satu dalang di balik rangkaian serangan bom bunuh diri tersebut, Zahran Hashim, dilaporkan tewas saat meledakkan bom di Hotel Shangri-La.",Luar Negeri
9,"Pemimpin Korea Utara (Korut) Kim Jong-un memang terkenal paranoid jika sedang bepergian keluar negeri. Ingat saja saat Kim berkunjung Panmunjom, Korea Selatan (Korsel) dirinya harus menenteng toilet pribadi agar feses beserta urinnya tak dicuri oleh asing. Pada kunjungan ke Rusia pada 24 April 2019, lagi-lagi Kim datang beserta rasa paranoidnya. Mengutip AFP via Kompas.com, Jumat (26/4/2019) kunjungan ke Rusia ini tepatnya di Vladivostok merupakan pertama kalinya bagi Kim. Kim tiba di stasiun kota perbatasan Khasan, Rusia, setelah menempuh perjalanan darat dari Pyongyang sejauh 684 km menggunakan kereta api lapis baja khusus milik Angkatan Bersenjata Korut. Namun saat tiba di stasiun Khasan ada momen tak biasa yang dilakukan oleh para pengawal Kim. Saat kereta bergerak lambat memasuki stasiun, sejumlah pengawal Kim langsung loncat turun. Mereka membawa karpet merah, peralatan keamanan dan yang paling menonjol membawa lap.",Luar Negeri
10,"Sebuah alat berat crane yang dipakai dalam proyek pembangunan gedung Google di Seattle, Amerika Serikat, jatuh ke arah jalanan yang ramai. Insiden itu menyebabkan empat orang meninggal. Seperti dilansir Associated Press, Minggu (28/4), peristiwa itu terjadi pada Sabtu (27/4) kemarin. Menurut Kepala Dinas Pemadam Kebakaran Seattle, Harold Scoggins, tiga lelaki dan seorang perempuan meninggal dalam kejadian itu. Mereka yang meninggal adalah dua operator crane dan satu pengemudi mobil serta seorang penumpang. Tiga orang yakni seorang ibu berusia 25 tahun dan bayinya yang berumur 4 bulan, serta lelaki berusia 28 tahun mengalami luka-luka. Diduga crane itu jatuh ketika sedang terjadi hujan deras dan angin kencang. Kota itu sebenarnya jarang terjadi kecelakaan alat berat. Insiden ini mendesak pemerintah setempat kembali mengevaluasi ramainya proyek pembangunan gedung pencakar langit yang marak di Seattle. Saat ini tercatat ada 60 crane yang beroperasi di kota itu. Sebab, sejumlah perusahaan berbasis teknologi informasi seperti Amazon, Google dan lainnya melirik kota itu sebagai salah satu lokasi kantor mereka.",Luar Negeri
11,"Mendapatkan beasiswa dan melanjutkan pendidikan ke jenjang lebih tinggi merupakan hal yang istimewa. Inilah yang dialami oleh seorang remaja di Amerika Serikat. Namun, remaja ini tidak mendapatkan tawaran beasiswa sembarangan. Mengutip laman This is Insider, seorang gadis lulusan International High School of New Orleans diterima di 115 kampus dan mendapat tawaran beasiswa senilai lebih dari 3,7 juta dolar AS atau sekitar Rp 52,5 miliar. Antoinette Love,  seorang gadis lulusan International High School of New Orleans diterima di 115 kampus dan mendapat tawaran beasiswa senilai lebih dari 3,7 juta dolar AS atau sekitar Rp 52,5 miliar. Antoinette Love, seorang gadis lulusan International High School of New Orleans diterima di 115 kampus dan mendapat tawaran beasiswa senilai lebih dari 3,7 juta dolar AS atau sekitar Rp 52,5 miliar. (WSDU via This is Insider) Gadis ini bernama Antoinette Love. Antoinette Love pun harus memilih satu dari 115 kampus yang akan ia masuki pada 1 Mei 2019. Antoinette mengatakan kepada Nola.com, Ia mulai mendaftar ke kampus-kampus pada September 2018. Sekolah pertama yang menerimanya menawarkan beasiswa sebesar 72.000 dolar AS atau setara Rp1,02 miliar. Antoinette bisa mendaftarkan diri ke banyak universitas dan kampus dengan mencari keringanan biaya pendaftaran. Ia menggunakan College Common App untuk mendaftar ke beberapa universitas melalui satu aplikasi.",Luar Negeri
12,"Pembunuhan berantai yang melanda Siprus beberapa waktu lalu membuat pemerintah Siprus harus bekerja keras untuk mencari korban pembunuhan berantai yang belum ditemukan. Mengutip AFP, Minggu (28/4), kali ini pencarian fokus dilakukan di dua buah danau sebelah barat daya kota Nicosia. Tempat itu merupakan lokasi yang diketahui sebagai lokasi pembuangan korban tersangka kasus pembunuhan, Nicos Metaxas. Sebelumnya, ia mengaku membunuh delapan orang, termasuk seorang anak asal Filipina. Terhitung sejak 14 April, polisi sudah menemukan tiga jenazah yang semuanya merupakan tenaga kerja asal Filipina. Pencarian dilakukan di kaki Gunung Troodos, tepatnya danau bekas lubang tambang yang saat ini menjadi tempat wisata. Dalam upaya evakuasi itu, petugas mengerahkan penyelam profesional. Penelusuran di dasar danau dengan melibatkan robot bawah air sempat terkendala keterbatasan jarak pandang. ""Kami mencari di tempat-tempat di mana kamera dan robot tidak mendapat gambaran yang jelas. Jadi kami mencari selangkah demi selangkah melibatkan penyelam,"" ujar juru bicara pemadam kebakaran, Andreas Kettis. Kasus ini terungkap secara tak sengaja, setelah seorang turis Jerman menyadari keberadaan sesosok mayat dalam foto yang dia ambil di danau bekas pertambangan. Menanggapi insiden ini, Presiden Siprus Nicos Anastasiades mengecam kejahatan mengerikan yang menelan korban perempuan asing ini. ""Saya terkejut dengan terungkapnya begitu banyak pembunuhan memalukan terhadap perempuan asing dan anak-anak yang tidak bersalah,"" katanya, seraya mengucapkan belasungkawa. ",Luar Negeri
13,"Siapa bilang melantai di bursa itu susah, mahal atau bahkan dibebani banyak beban? Semua itu hanya mitos belaka. Justru perusahaan yang go publik akan mendapatkan banyak manfaat salah satunya yakni mendapatkan sejumlah insentif pajak dari Ditjen Pajak. Apa saja insentif pajak yang didapatkan perusahaan yang melantai di bursa? Pertama, penurunan tarif Pajak Penghasilan (PPh) Badan sebesar 5 persen. Saat ini tarif PPh Badan yang berlaku sebesar 25 persen. Namun dengan melantai di bursa, perusahaan hanya perlu membayar PPh Badan 20 persen. ""Insentif pajak 5 persen sangat berguna bagi perusahaan,"" ujar Kelapa Seksi Peraturan Perpajakan 2 Ditjen Pajak Riztiar Arinta dalam workshop di Kantor Ditjen Pajak, Jakarta, Senin (29/4/2019). Syaratnya, perusahaan harus memperdagangkan minimal 40 persen sahamnya dan minimal saham dimiliki oleh 300 pihak. Selain itu, masing-masing pihak tersebut harus memiliki saham kurang dari 5 persen. Ketentuan ini harus dipenuhi dalam 183 hari dalam satu tahun pajak. Kedua, PPh Final atas penjualan saham di bursa yang hanya sebesar 0,1 persen dari nilai transaksi, ditambah 0,5 persen dari nilai saham untuk penjualan saham pendiri. Ketiga, perhitungan angsuran PPh Pasal 25 juga bisa dilakukan berdasarkan laporan triwulan sesuai dengan kondisi usaha. Keempat, bagi perusahaan yang melantai di bursa, bisa menggunakan nilai buku dalam rangka spin off, atau pemekaran usahanya. Kelima, Ditjen Pajak akan memasukkan perusahaan yang go public ke kantor pelayanan pajak khusus. Hal ini dilakukan untuk memberikan kepastian hukum dan meningkatkan pelayanan.",Keuangan
14,"Kementerian Energi dan Sumber Daya Mineral (ESDM) terus meningkatkan pemanfaatan gas bumi Indonesia untuk kepentingan domestik dibandingkan untuk ekspor. Tren peningkatan alokasi gas untuk domestik ini rata-rata sebesar 8 persen per tahun. Bahkan tahun 2019, porsi gas untuk domestik mencapai 60 persen. Sekretaris Jenderal Kementerian ESDM Ego Syahrial mengatakan, sejak 2014, pemanfaatan gas domestik untuk pertama kalinya lebih besar dari ekspor, yaitu sebesar 53 persen. ""Kita harapkan di tahun 2019 bisa meningkat lagi di atas 60 persen,"" ujar Ego dalam siaran pers, Minggu (28/4/2019). Alokasi gas bumi untuk domestik sepanjang 2018 dimanfaatkan untuk berbagai sektor, mulai dari industri hingga Jaringan Gas Kota (Jargas). Rinciannya, LNG Domestik sebesar 6,03 persen, LPG Domestik sebesar 2,3 persen, kelistrikan sebesar 12,78 persen, dan pupuk 10,94 persen. Sementara alokasi untuk Industri sebesar 25,25 persen, lifting minyak sebesar 2,81 persen, serta jargas 0,05 persen. Ego mengatakan, meskipun jika diekspor harga gas mungkin bisa lebih tinggi, namun komitmen Pemerintah adalah mendorong pemanfaatan domestik. Dengan alokasi gas domestik, pemerintah ingin menggenjot realisasi pembangunan jaringan gas kota (Jargas). Tujuannya adalah memberikan akses energi seluas-luasnya kepada masyarakat, penghematan biaya bahan bakar, mengurangi beban subsidi LPG dan menghemat devisa negara. Pemerintah menargetkan mulai tahun 2020 akan membangun 1 juta Sambungan Rumah (SR) per tahun. ""Kemarin Menteri ESDM sudah memanggil PGN dan PGN siap untuk mendukung pembangunannya, Peraturan Presiden juga sudah ditanda tangani, karena apabila Pemerintah ingin mengurangi impor LPG, maka pembangunan jargas harus dilakukan dalam jumlah besar,"" kata Ego. Ego menambahkan, apabila mengandalkan pembangunan Jargas melalui dana APBN hanya bisa terbangun 100.000 SR per tahun. Menurut dia, dampaknya tidak akan terasa, karena dalam rencana umum penyediaan energi nasional disebutkan bahwa target pemasangan Jargas sekitar 5 juta SR hingga 2025. Sebagai informasi, berdasarkan Peraturan Presiden Nomor 6 Tahun 2019 tentang Penyediaan dan Pendistribusian Gas Bumi Melalui Jaringan Transmisi dan/atau Distribusi Gas Bumi Untuk Rumah Tangga dan Pelanggan Kecil, Menteri ESDM dapat menugaskan BUMN migas penerima penugasan untuk melakukan pengembangan jargas. Pengembangan jargas ini dapat dilakukan dengan menggunakan biaya Pemerintah Pusat atau Pemerintah Daerah dan/atau BUMN migas penerima penugasan. Ego menambahkan, porsi anggaran kementerian ESDM untuk infrastruktur dan program pro rakyat terus ditingkatkan. ""Setelah sejak 2018 porsinya sudah lebih dari 50 persen. Tahun 2020, pun direncanakan menjadi jauh lebih besar dari itu,"" kata Ego.",Keuangan
15,"Selandia Baru dan Prancis akan bekerja sama untuk mengusir teroris dari jaringan media sosial, kata Perdana Menteri Selandia Baru Jacinda Ardern hari Rabu (24/4) di Wellington. Dia dan Presiden Prancis Emmanuel Macron akan memimpin pertemuan dengan para pemimpin dunia dan perusahaan teknologi pada bulan Mei, kata kantor PM Selandia Baru. Selanjutnya disebutkan, konferensi internasional itu akan mendeklarasikan apa yang disebut ""Christchurch Call"" (Panggilan Christchurch). Jacinda Ardern tidak merinci apa yang tertera dalam rancangan Christchurch Call dan mengatakan, dokumen itu sedang ""dikembangkan"". Dia mengatakan sudah berbicara dengan wakil-wakil perusahaan teknologi seperti Facebook, Twitter, Microsoft dan Google tentang hal itu. Konferensi internasional ini adalah bagian dari tindak lanjut atas serangan teror penembakan di masjid di kota Christchurch, Selandia Baru, Maret lalu. Seorang teroris ultra kanan melakukan penembakan di dua masjid dan menewaskan 50 orang. Penyerang menyiarkan secara langsung aksi serangannya lewat Facebook. ""Pada serangan teroris 15 Maret, media sosial digunakan dengan cara yang belum pernah terjadi sebelumnya, sebagai alat untuk mempromosikan tindakan terorisme dan kebencian. Kami minta para pemimpin untuk menunjukkan kepemimpinan dan memastikan media sosial tidak dapat digunakan lagi seperti di serangan teror 15 Maret,"" kata Jacinda Ardern. ""Kita semua harus bertindak, termasuk penyedia sarana media sosial, yang harus lebih bertanggung jawab atas konten yang ada di platform mereka, dan mengambil tindakan agar konten ekstremis yang kejam tidak dapat dipublikasikan dan dibagikan."" Harus ada kebijakan lebih ketat Di Paris, Kantor Kepresidenan Prancis menyatakan, konferensi internasional yang direncanakan bermaksud memastikan bahwa ""kebijakan baru dan konkret akan diambil sehingga apa yang terjadi ti Chrischurch tidak terjadi lagi."" Konferensi itu rencananya digelar selama pertemuan menteri telekomunikasi dan digital negara-negara industri G-7 yang akan berlangsung di Paris 15 Mei mendatang. Presiden Prancis Emmanuel Macron belakangan memang sedang fokus pada isu-isu perkembangan dunia digital dan bagaimana meregulasinya. Selandia Baru telah mengambil kebijakan ketat media sosial dan juga tindakan tegas terhadap orang-orang yang menyebarkan aksi kekerasan di masjid Christchurch. Rekaman aksi penembakan itu memang sempat menyebar dengan cepat melalui media sosial meskipun ada upaya untuk menghapusnya. Prancis dan Selandia Baru kini ingin agar teroris dicegah menggunakan media sosial untuk mengorganisasi dan mempromosikan terorisme dan ekstremisme kekerasan, atau mendistribusikan gambar-gambar kekerasan.",Luar Negeri
16,"Hingga akhir kuartal-I 2019, Kementerian Keuangan mencatat total nilai utang (outstanding) pemerintah pusat mencapai Rp 4.567,31 triliun. Posisi utang pemerintah tersebut tumbuh 10,4 persen dibandingkan posisi Maret 2018 yang sebesar Rp 4.136,39 triliun. Di periode yang sama, pendapatan pajak dalam negeri hanya tumbuh 1,8 persen secara tahunan (yoy) menjadi Rp 248,98 triliun. Padahal, periode yang sama tahun lalu, pertumbuhan pajak dalam negeri mencapai 9,9 persen yoy. Jika kondisi ini terus berlanjut, ekonom Samuel Sekuritas Indonesia Ahmad Mikail khawatir risiko utang pemerintah akan meningkat. Apalagi di luar utang pemerintah, sejatinya masih terdapat utang badan usaha milik negara (BUMN), perusahaan yang menjadi milik pemerintah sepenuhnya, maupun utang perusahaan lainnya yang dijamin oleh pemerintah. ""Posisi utang pemerintah memang masih relatif rendah dengan rasio sekitar 30 persen terhadap PDB. Tapi, ini belum termasuk beban utang BUMN yang sebenarnya juga makin tinggi,"" kata Mikail, Minggu (28/4/2019). Nilai utang yang makin meningkat, tak disertai dengan penerimaan yang bertambah juga. Di sisi lain, pemerintah mesti mempertahankan bahkan menambah belanja untuk menjaga denyut perekonomian di tengah prospek pertumbuhan ekonomi global yang rendah. Kemkeu melaporkan belanja negara per akhir Maret lalu mencapai Rp 452,1 triliun atau setara 18,37 persen dari pagu APBN 2019 yakni sebesar Rp 2.461,11 triliun. Secara tahunan, belanja negara sepanjang kuartal-I 2019 tumbuh 7,7 persen dibandingkan periode yang sama tahun sebelumnya. Pertumbuhan belanja negara ditopang oleh serapan belanja pemerintah pusat sebesar Rp 260,7 triliun atau tumbuh 11,4 persen (yoy).",Keuangan
17,"Lebih 2.000 orang narapidana saat ini menunggu eksekusi hukuman gantung di Kerajaan Malaysia dan setengahnya adalah pengguna dan penyebar narkoba. Narapidana itu, selain warga Malaysia, mereka berasal dari berbagai negara. Ini dikatakan Kriminolog dan ahli kejiwaan University Utara Malaysia (UUM), Prof Madya Dr Jamaluddin Mustaffa dan Prof Madya Kamal Ab Hamid, dalam International Conference on Islamic Civilization (ICOINIC II) yang berlangsung di aula Pascasarjana UIN Ar-Raniry Banda Aceh, Selasa (23/4/2019). “Ada desakan dari dunia luar agar Kerajaan Malaysia menghapus hukuman mati dan menggantinya dengan hukuman seumur hidup,"" katanya. Saat ini, kata dia  kerajaan sedang membahas masalah ini, apakah menghapusnya atau tidak. ""Makanya 2000 lebih pesalah menunggu keputusannya,” kata Mustaffa, seperti dikutip siaran pers yang dikirim Hasan Basri M Nur, unsur panitia ICOINIC II yang juga mahasiswa UUM. “Jika kerajaan memutuskan tidak mahu menghapus hukuman mati, maka semua pesalah yang berjumlah 2000 orang lebih itu akan digantung secara bergilir,” kata Mustaffa yang mantan perwira kepolisian kerajaan Malaysia itu. Menurut Mustaffa dan Kamal, narkoba adalah musuh nomor satu di Malaysia dan kerajaan sangat serius memeranginya. “Dadah (narkoba, red) adalah musuh nomor satu di Malaysia. Dadah sangat merusakkan manusia. Kerajaan akan hancur gara-gara dadah. Makanya hukumannya sangat berat di Malaysia. Pemilik dadah di atas 15 gram akan dihukum gantung,” lanjut Prof Kamal. Kedua akademisi ini memandang narkoba sebagai musuh global yang dipasok ke sebuah negara dengan berbagai cara. “Para mafia dadah menggunakan jalan tikus, jalur laut, sampai memasukkannya ke dalam dubur manusia sekali pun. Semua dilakukan karena mereka mendapatkan duit yang sangat banyak,” lanjut Kamal. Demonstran yang menolak adanya hukuman mati (blog.amnestyusa.org) Prof Mustaffa dan Prof Kamal menyarankan kepada generasi muda agar tidak mencoba-coba dengan narkoba, karena ketika dicoba sekali maka akan ketagihan. “Saat ketagihan apa pun akan dilakukan termasuk membunuh ibunya untuk mendapatkan duit,” kata Prof Mustaffa dibenarkan Prof Kamal. “Di Malaysia bahkan ada hafiz quran yang ikut terkena dadah. Ketika dia selesai belajar hafiz di pesantren lalu pulang ke kampung dan salah dalam bergaul. Dia mencoba dadah, padahal selama di pesantren, merokok saja dia tidak mahu. Inilah yang saya maksud dadahtak mengenal siapa saja,” pungkas Prof Mustaffa. Rombongan akademisi dari UUM Malaysia berangkat ke Banda Aceh sebanyak 40 orang dan berada di Banda Aceh selama lima hari (Senin-Jumat). Selain ikut konferensi, mereka juga akan mengunjungi beberapa lembaga pemasyarakatan (LP) untuk melihat penanganan korban narkoba di Indonesia. Mereka antara lain adalah Prof Dr Noor Azniza Ishak, Dr Siti Rozaina Kamsani, Prof Madya Dr Zawawi Abu Bakar, Zakaria bin Ramli, Muhammad Zulfaqar dan lain-lain.",Luar Negeri
18,"Bambang Brodjonegoro, Menteri Perencanaan Pembangunan Sosial (PPN)/Kepala Bappenas mengatakan, dalam membangun ekonomi syariah, milenial juga harus menjalankan prinsip ekonomi etis selain membangun usahanya. Menurut dia, prinsip ekonomi etis sama dengan prinsip ekonomi syariah, yaitu mengedepankan ekonomi berkelanjutan seperti yang telah menjadi tren global saat ini. ""Jadi untuk kalangan muda yang masih mencari bentuk, tolong perhatikan ekonomi etika sama dengan ekonomi syariah,"" kata Bambang Brodjonegoro di Bandung, Jumat (26/4/2019). Bambang mengatakan, aspek ekonomi etis yang dijalankan setidaknya ada 3 hal, yaitu perdagangan berkeadilan (fair trade), investasi bertanggung jawab sosial, dan membangun CSR (Coorporate Social Responsibility) jika sudah memiliki sebuah usaha. 1. Perdagangan Berkeadilan Dalam perdagangan berkeadilan, pengusaha harus berdagang dengan cara-cara yang adil. Jangan membohongi dan berdaganglah yang sewajarnya. ""Bukan maksudnya enggak boleh cari untung. Tentu saja boleh, tapi harganya jangan tega dibesar-besarkan hingga tidak masuk akal. Jangan membohongi pembeli,"" ucap Bambang. 2. Investasi Bertanggungjawab Sosial Dalam bidang investasi juga demikian. Tentunya, sebagai manusia pasti memiliki hasrat untuk memberikan pertolongan dengan manusia lainnya, contohnya seperti menciptakan lapangan kerja maupun sektor lain yang membantu kehidupan masyarakat. ""Ketika anda semua menjadi pengusaha dan menjadi investor, doronglah investasinya untuk lapangan kerja,"" kata Bambang. Bambang mengatakan, dalam dunia entrepreneurship ada dua macam entrepreneur, yaitu bussiness entrepreneur dan social entrepreneur. Dia mempersilakan milenial memilih yang cocok bagi pribadi masing-masing. ""Kalau mau jadi bussiness entrepreneur, silakan. Asal bisnisnya tidak merusak lingkungan dan harganya tidak dilebih-lebihkan,"" sarannya. Namun, dia juga mengatakan saat ini telah banyak milenial yang memasuki dunia social entreprenuership, yaitu bidang usaha yang membantu kehidupan masyarakat di suatu sektor. 3. Bangun CSR Bambang menyarankan, saat milenial memiliki usaha harus dibarengi dengan CSR. Contohnya mendaur ulang sampah plastik menjadi energi, menjadi daur ulang plastik kembali, dan mendaur ulang menjadi produk lain. Selain ramah terhadap lingkungan, CSR ini juga membantu masyarakat mendapat penghasilan dari hasil daur ulang tersebut.",Keuangan
19,"Ketua Umum Asosiasi Pengusaha Indonesia Hariyadi Sukamdani berharap Bank Indonesia memanfaatkan momentum Pemilihan Umum untuk menurunkan suku bunga. Diketahui, Komisi Pemilihan Umum rencananya akan mengumumkan Presiden terpilih 2019-2024 paling lambat pada 22 Mei 2019. Menurut dia, dengan suku bunga yang lebih kompetitif, maka aktivitas perekonomian semakin positif. ""Kalangan dunia usaha optimistis Pemilu berjalan dengan kondisi yang cukup kondusif. Kita harap BI mengambil posisi pada kesempatan pertama untuk berinisiatif menurunkan 7-Days Repo Rate,"" ujar Hariyadi di kompleks BI, Jakarta, Jumat (3/5/2019). Hariyadi mengatakan, sewaktu pemerintah menyelenggarakan tax amnesty pada 2016 hingga 2017, Apindo sangat mendukung program tersbeut. Saat itu juga confidence pelaku usaha menguat sehingga menjadi titik balik yang positif. Namun, confidence itu turun saat Pemilihan Gubernur DKI Jakarta di 2017 karena konflik yang terjadi membuat ketidakpastian bagi pelaku usaha. Ia berharap, dengan pelaksanaan Pemilu yang aman dan muncul kepastian presiden terpilih usai tanggal 22 Mei, maka menjadi momentum baik bagi BI untuk menyesuaikan suku bunga. ""Kalau bisa saat Rapat Dewan Gubernur ini dikaji lagi. Ini momentum yang bagus karena kondisi itu, secara fluktuasi dinamika itu jadi lebih terkendali dan arahnya positif,"" kata Hariyadi. Pelaku usaha mengharapkan suku bunga BI bisa diturunkan 25 atau 50 basis point. Meski begitu, Apindo menerima alasan BI memprtahankan suku bunga karena melihat risiko global masih menghantui. Namun, menurut dia, faktor domestik di Indonesia juga penting diperhatikan. Sebab, dalam lima tahun terkahir, investasi domestik tumbuh cukup signifikan. ""Sejak ada masalah Pilgub 2017, semua nahan. Ada kecenderungan orang ini nunggu momentum,"" kata Hariyadi. ""Menurut saya sesuatu yang positif untukk counter kebijakan yang cukup agresif,"" lanjut dia.",Keuangan
20,"Kepala Bappenas/Menteri Pembangunan Nasional Bambang Brodjonegoro mengatakan, membangun ekonomi syariah di Indonesia tak cukup hanya melalui penyediaan jasa keuangan syariah semata. ""Kita sudah ada jasa keuangan syariah seperti bank syariah dan asuransi syariah. Tapi itu hanya instrumennya saja. Tidak cukup,"" ucap Bambang Brodjonegoro dalam acara Indonesia Islamic Ecomony Festival di Bandung, Jumat (26/4/2019). Menurut Bambang, dalam membangun ekonomi syariah harus dibarengi dengan praktik ekonomi riil baik berupa penjualan barang maupun penyedia jasa syariah. Apalagi sebut dia, saat ini Indonesia merupakan negara dengan penduduk muslim terbanyak sehingga peluang menciptakan ekonomi syariah masih sangat besar. ""Peluang kita besar sekali. Indonesia merupakan negara muslim terbanyak dan ini masih menjadi peluang untuk membangun produsen ekonomi halal. Bila pembangunan ini sudah merata, bukan tidak mungkin Indonesia menjadi produsen halal global,"" kata Bambang. Lebih lanjut, Bambang menjelaskan Indonesia perlu lebih mengenal ekonomi syariah karena saat ini dunia sudah punya tujuan pembangunan bersama yang ditekankan kepada ekonomi berkelanjutan. Tujuan bersama ini selaras dengan prinsip-prinsip ekonomi syariah yang mengedepankan ekonomi etis. ""Contoh sederhananya, kita mengonsumsi berbagai hal. Tapi sudahkan kita melakukan konsumsi secara etis? kalau makan jangan bersisa, kalau makan jangan dibuang-buang,"" kata Bambang. ""Sama seperti tren industri saat ini, sudah banyak industri yang melakukan program CSR yang mendaur ulang limbah sehingga tidak mubazir. Itu contoh simpel ajaran dengan SDGs,"" tambahnya.",Keuangan
21,"Lembaga pemeringkat Japan Credit Rating Agency, Ltd. ( JCR) memperbaiki Outlook Sovereign Credit Rating Republik Indonesia dari Stable menjadi Positive. Hal ini sekaligus mengafirmasi  rating pada BBB (Investment Grade) pada tanggal 26 April 2019. Gubernur Bank Indonesia (BI) Perry Warjiyo mengatakan, perbaikan peringkat kredit tersebut menunjukkan langkah-langkah kebijakan yang ditempuh secara konsisten dan tersinergi oleh BI, pemerintah, dan berbagai pemangku kebijakan yang lain sudah tepat. Sehingga, hal itu bisa meningkatkan kepercayaan investor terhadap ketahanan dan prospek perekonomian Indonesia ke depan. ""Rating Indonesia mencerminkan pertumbuhan ekonomi yang solid ditopang oleh konsumsi domestik, level defisit anggaran dan utang pemerintah yang terjaga, resiliensi terhadap gejolak eksternal yang didukung oleh kebijakan nilai tukar fleksibel dan akumulasi cadangan devisa,"" ujar BI dalam keterangan resminya, Jumat (26/4/2019). Perry mengatakan, terdapat beberapa faktor yang mendorong perbaikan dari sovereign credit outlook Indonesia, pertama, pemerintah dinilai berhasil merumuskan rencana pembangunan infrastruktur dalam skala besar dan secara kuat diarahkan untuk mengatasi kebutuhan infrastruktur yang menjadi hambatan dalam pertumbuhan ekonomi. Rencana tersebut terus berjalan dengan perkembangan yang melebihi ekspektasi JCR dan landasan ekonomi semakin diperkuat untuk mengakselerasi pertumbuhan dalam jangka menengah panjang. Kedua, pemerintah juga dinilai berhasil meningkatkan anggaran untuk infrastruktur dan pengembangan sumber daya manusia serta membatasi defisit anggaran dengan mengurangi subsidi bahan bakar minyak (BBM). ""Ketiga, kemungkinan peningkatan pertumbuhan ekonomi melalui keberlanjutan inisiatif reformasi. ""Lebih lanjut, Bank Indonesia dinilai telah meningkatkan kemampuan respon kebijakannya,"" ujar Perry. Bauran kebijakan yang terdiri dari peningkatan suku bunga kebijakan secara kumulatif sebesar 175 bps sejak Mei 2018 dan relaksasi kebijakan makroprudensial telah memungkinkan BI untuk menjaga stabilitas eksternal. Selanjutnya, JCR meyakini bahwa Pemerintah Republik Indonesia akan menjaga disiplin fiskal dalam mendorong konsolidasi fiskal. JCR sebelumnya meningkatkan Sovereign Credit Rating Republik Indonesia dari BBB-/outlook positif menjadi BBB/outlook stabil pada pada 8 Februari 2018",Keuangan
22,"Komite Nasional Keuangan Syariah (KNKS) menyusun Masterplan Ekonomi Syariah Indonesia 2019-2024 (Meksi) untuk membangun industri halal di Indonesia. Meksi memiliki 4 strategi utama, yaitu penguatan rantai nilai halal, penguatan sektor keuangan syariah, penguatan UMKM, dan pemanfaatan platform ekonomi digital. Menurut Menteri Perencanaan Pembangunan Sosial (PPN) /Kepala Bappenas Bambang Brodjonegoro, penyusunan Meksi ini untuk mendorong keberlangsungan ekonomi syariah di Indonesia yang masih minim. ""Kita merupakan negara dengan populasi muslim terbanyak di dunia, sehingga menjadi konsumen terbesar produk-produk halal di pasar internasional. Namun produksi halal di Indonesia masih belum optimal maka disusunlah Meksi,"" kata Bambang Brodjonegoro di Bandung, Jumat (26/4/2019). Meski diharapkan mampu memaksimalkan kearifan lokal dalam menangkap peluang global. Berdasarkan data The State of Global Islamic Economy Report, pengeluaran makanan dan gaya hidup halal dunia mencapai 2,1 triliun Dollar AS dan diperkirakan akan terus tumbuh menjadi 3 triliun Dollar AS pada tahun 2023. Sementara, peningkatan jumlah penduduk muslim di dunia mencapai 1,84 miliar orang dan akan terus meningkat hingga 27,5 persen dari total populasi dunia di tahun 2023. Peningkatan-peningkatan tersebut, akan berdampak pada permintaan produk dan jasa halal yang terdiri dari makanan halal, pariwisata halal, fesyen muslim, rekreasi halal, dan farmasi halal. Dengan disusunnya Meksi ini, Bambang berharap Indonesia bisa melaju pada sektor industri halal di tingkat nasional maupun internasional. ""Targetnya dapat meningkatkan skala usaha, kemandirian, dan kesejahteraan dalam tataran domestik global. Sementara untuk internasional, mampu menaikkan peringkat Indonesia di Global Islamic Economic Indicator,"" kata Bambang. Lebih lanjut, Meksi akan diluncurkan pada tanggal 14 mei oleh Presiden RI di Jakarta. Sebelum peluncuran tersebut, KNKS menggelar pre-launching event yang bernama Indonesia Islamic Economy Festival (IIEFest) di Bandung.",Keuangan
23,"Kelompok Negara Islam Irak dan Suriah (ISIS) mengklaim sejumlah pengikut mereka meninggal dalam peristiwa baku tembak dan bom bunuh diri di sejumlah tempat di Sri Lanka, pada Sabtu (27/4) kemarin. Saat itu anggota polisi dan tentara memang sedang menggerebek persembunyian anggota jejaring kelompok Jemaah Tauhid Nasional (NTJ) dan Jemaah Agama Ibrahim (JMI) yang diduga menjadi pelaku serangan bom pada 21 April lalu. ""Baku tembak melawan pihak kepolisian dengan senapan otomatis, dan setelah menghabiskan amunisi, mereka meledakkan peledak pada ikat pinggang,"" tulis media propaganda ISIS, Amaq News Agency, seperti dikutip dari AFP, Minggu (28/4). Menurut klaim Amaq, tiga orang yang meledakkan diri adalah anggota ISIS. Bom diledakkan pasca baku tembak dengan pihak kepolisian Sri Lanka. Kepolisian Sri Lanka menggerebek sejumlah tempat setelah mendapat informasi para pelaku bom Paskah Sri Lanka bersembunyi di wilayah Kalmunai, sekitar 370 kilometer dari Ibu Kota Kolombo. Kalmunai merupakan kampung halaman salah satu dalang bom bunuh diri, Zahra Hashim. Dia dilaporkan meninggal saat meledakkan bom di Hotel Shangri-La. Baku tembak antara aparat dan para teroris berlangsung selama berjam-jam. Setelah itu terdengar ledakan, yang merupakan bom bunuh diri.Sebanyak 15 orang tewas akibat bom. Pihak kepolisian menyebut korban termasuk tiga wanita dan enam anak-anak. Enam hari sebelumnya, mereka diduga melakukan rangkaian serangan bom pada Hari Raya Paskah di tiga gereja dan tiga hotel mewah Sri Lanka. Peristiwa ini pun menyebabkan 253 orang meninggal dan 500 orang terluka.",Luar Negeri
24,"Kemitraan pemerintah Indonesia dan Kanada sukses mendorong inovasi pengembangan ekonomi lokal. Caranya adalah dengan meluncurkan proyek National Support for Local Investment Climates/National Support for Enhancing Local and Regional Economic Development (NSLIC/NSELRED). Inisiatif tersebut diwujudkan dengan program Dana Inovasi Responsif atau Responsive Innovation Fund (RIF) Tahap Pertama yang telah sukses dan akan diluncurkan program RIF Tahap Kedua. Mewakili Global Affairs Canada (GAC), Head of Cooperation GAC, Pierre–Yves Monnard menyampaikan apresiasi kepada perwakilan Pemerintah Daerah dan seluruh jajaran dari 12 Kawasan Program RIF Tahap Pertama dan Kedua. “Atas nama Pemerintah Kanada, saya mengucapkan selamat kepada enam pemerintah daerah dan seluruh mitra atas kesuksesan pelaksanaan kegiatan program RIF Tahap Pertama,"" ujar Monnard dalam pernyataannya, Kamis (25/4/2019). Program RIF senilai Rp 18 miliar berlangsung dalam tiga tahap mulai 2018 hingga 2020 dengan memilih enam usulan inovasi dari enam kabupaten setiap tahunnya. Pengembangan ekonomi lokal merupakan penopang utama kinerja perekonomian nasional. Selaras dengan tujuan tersebut, pemerintah daerah dipandang mampu melakukan berbagai inovasi pembangunan ekonomi jika ditunjang dengan dukungan teknis dan perangkat yang tepat. “Pembangunan Kawasan perdesaaan merupakan salah satu sasaran pokok yang mendukung pengembangan pusat-pusat pertumbuhan baru untuk mempercepat pembangunan daerah dan mengurangi kesenjangan pembangunan antar-wilayah, yang dilakukan melalui pengembangan ekonomi lokal berbasis produk unggulan masing-masing daerah terpilih,"" jelas Deputi Bidang Pengembangan Regional Kementerian PPN/Bappenas Rudy Soeprihadi Prawiradinata. Program RIF Tahap Pertama dilaksanakan mulai Maret 2018 hingga April 2019 Sekitar 6.105 penerima manfaat program RIF Tahap Pertama meliputi pemerintah, sektor swasta, akademisi, lembaga penelitian, komunitas dan kelompok masyarakat telah mendapatkan pendampingan melalui 209 pelatihan dan dukungan teknis untuk pengembangan kapasitas kelembagaan, pengembangan produk, ekspansi pasar dan penciptaan lapangan kerja yang adil. Pengembangan ekonomi lokal berbasis produk-produk unggulan daerah baik di sektor pertanian seperti nira, kopi, salak, kelapa, sagu, jagung, beras organik dan pupuk organik. Sektor perikanan/kelautan seperti ikan olahan, terasi, kerupuk dan rumput laut, serta sektor pariwisata dan kerajinan juga telah membuka peluang kerja bagi setidaknya 2.929 orang.",Keuangan
25,"Presiden Sri Lanka, Maithripala Sirisena, melarang pemakaian cadar bagi Muslimah dan segala bentuk pakaian lainnya yang menutupi wajah, pada Minggu (28/4) kemarin. Kebijakan itu diterapkan sepekan setelah rangkaian serangan bom pada peringatan Paskah pada 21 April lalu. ""Larangan ini diberlakukan untuk memastikan keamanan nasional terjaga. Tidak seorang pun harus mengaburkan wajah mereka untuk membuat identifikasi menjadi sulit,"" bunyi pernyataan Kantor Kepresidenan Sri Lanka seperti dikutip AFP. Sirisena mengatakan dia menggunakan kewenangan daruratnya untuk menerapkan kebijakan tersebut. Kantor kepresidenan menyatakan larangan tersebut berlaku secara efektif mulai hari ini, Senin (29/4). Dari total 21 juta penduduk Sri Lanka yang mayoritas beragama Budha, 10 persen di antaranya merupakan umat Muslim. Muslimah Sri Lanka jarang ada yang mengenakan cadar, niqab, dan penutup wajah lainnya. Hanya segelintir dari mereka melakukan itu. Tak hanya pemerintah, beberapa hari sebelumnya sejumlah ulama dan pemuka agama Islam di Sri Lanka juga telah mendesak perempuan Muslim untuk tidak menutupi wajah mereka. Hal itu terjadi di tengah kekhawatiran terkait serangan balasan pasca rentetan bom yang menerjang Kolombo, Negombo, dan Baticaloa. Insiden itu menewaskan 253 orang dan melukai sekitar 500 lainnya. Menhan Sri Lanka sempat menganggap pengeboman itu merupakan bentuk balasan atas serangan ke dua masjid di Kota Christchurch, Selandia Baru, pada pertengahan Maret lalu. Aparat juga terus memburu sekitar 140 orang yang diduga terlibat jaringan teroris di Sri Lanka. Pemerintah Sri Lanka sudah menyatakan kelompok Jemaah Tauhid Nasional (NTJ) dan Jemaah Agama Ibrahim (JMI) sebagai organisasi terlarang. Pemimpinnya, Zahra Hashim, diduga adalah otak serangan teror yang tewas dalam serangan di Hotel Shangri-La. Sampai saat ini pemerintah Sri Lanka mengerahkan aparat untuk menjaga rumah ibadah di seluruh negeri. Mereka membatalkan rencana memulai kembali kegiatan belajar mengajar di seluruh sekolah pekan ini, dan memperpanjang pemberlakukan jam malam.",Luar Negeri
26,"Wakil Direktur Utama Jakarta Internasional Container Terminal ( JICT) Riza Erivan memastikan proses bongkar muat kontainer di pelabuhan tersebut tak mengalami kendala. Sistem pintu masuk otomatis JICT sempat mengalami masalah sehingga menyebabkan antrean panjang bagi kendaraan barang yang hendak masuk ke pelabuhan tersebut. “Enggak ada gangguan bongkar muat, hanya karena (menggunakan) gate manual, pelayanan jadi lambat aja,” ujar Riza kepada Kompas.com, Kamis (25/4/2019). Riza memastikan perbaikan sistem pintu otomatis tersebut saat ini telah selesai. Arus lalu lintas kendaraan di sekitar JICT pun sudah kembali normal. “Sistem sudah normal lagi jam 11.45 WIB siang ini. Sekarang priok sudah lancar kembali,” kata Riza. Sebelumnya, Terjadi kemacetan di sekitar ruas Jalan Jakarta International Container Terminal ( JICT), Tanjung Priok, Jakarta Utara, Kamis (25/4/2019) pagi ini. Dari unggahan akun instagram @jktinfo, beberapa warga mengeluhkan kemacetan tersebut. Kepala Pos Polisi JICT Iptu Heri mengatakan, salah satu penyebab kemacetan ini yaitu sistem otomatis pintu keluar dan masuk di JICT yang rusak. ""Pintu masuk dan keluar error, jadi menumpuk kendaraan yang akan lakukan bongkar muat,"" ujar Heri. Penumpukan kendaraan itu kemudian membuat arus lalu lintas terkunci. Apalagi, kendaraan dari luar juga padat.",Keuangan
27,"Portofolio kredit PT Bank Central Asia Tbk pada kuartal I 2019 meningkat 13,2 persen secara tahunan (yoy) menjadi Rp 532 triliun. Pertumbuhan ini salah satunya ditopang oleh pertumbuhan kredit investasi yang tinggi sebesar 20,3 persen (yoy) pada Maret 2019. ""Pertumbuhan kredit usaha pada segmen korporasi sebesar 15,8 persen (yoy) menjadi Rp 207,8 triliun,"" ujar Presiden Direktur BCA, Jahja Setiaatmadja dalam paparan kinerja BCA di Jakarta, Kamis (25/4/2019). Selain itu, kredit komersial dan UKM juga mengalami peningkatan sebesar 14,7 persen menjadi Rp 184,7 triliun. Jahja mengatakan, meskipun dihadapkan tantangan tingkat suku bunga yang lebih tinggi, kredit konsumer tumbuh 7,7 persen menjadi Rp 139,7 triliun. Pada segmen konsumer, KPR tumbuh 11,3 persen menjadi Rp 86,5 triliun. Kredit Kendaraan Bermotor juga masih tumbuh sekitar 0,4 persen menjadi Rp 48 triliun di kuartal l 2019. ""Pada periode yang sama, outstanding kartu kredit tumbuh 9 persen (yoy) menjadi Rp 12,9 triliun,"" kata Jahja. Di tengah pertumbuhannya yang tinggi, BCA tetap menjaga kualitas kredit dengan rasio.kredit bermasalah (NPL) sekitar 1,5 persen. Sementara rasio cadangan terhadap kredit bermasalah atau loan loss coverage tercatat pada level yang memadai sebesar 171,4 persen. Jahja mengataman, ke depannya, BCA masih akan mengandalkan digitalisasi dalam pengembangan produk dan layanan mereka. ""BCA terus mengembangkan produk dan Iayanan dengan berfokus pada peningkatan customer experience dan kenyamanan nasabah,"" jelas Jahja.",Keuangan
28,"Militer Amerika Serikat dikabarkan telah mengirimkan dua kapal perangnya untuk berlayar melalui Selat Taiwan, pada Minggu (28/4/2019). Tindakan tersebut dilakukan AS dalam rangka meningkatkan frekuensi pergerakan melalui jalur air yang strategis, meski hal itu mendapat tentangan dari Beijing. Dua kapal perusak yang dikirim AS diidentifikasi sebagai USS William P Lawrence dan USS Stethem. Keduanya melewati Selat Taiwan yang memisahkan wilayah Taiwan dengan daratan China dengan perairan selebar 180 kilometer. ""Kapal-kapal AS yang transit melalui Selat Taiwan sekaligus menunjukkan komitmen Washington terhadap kawasan Indo pasifik yang bebas dan terbuka,"" kata juru bicara Armada Ketujuh Angkatan Laut AS, Komandan Clay Doss, dalam sebuah pernyataan. Doss menambahkan, tidak ada interaksi yang berbahaya ataupun yang tidak profesional dengan kapal dari negara lain selama transit. Pelayaran dua kapal perang AS tersebu kemungkinan akan dianggap sebagai bentuk dukungan pemerintahan AS kepada Taiwan, yang sedang bertikai dengan Beijing. Sementara Kementerian Pertahanan Taiwan mengatakan, kapal-kapal AS itu berlayar ke arah utara dengan melalui perairan Selat Taiwan. ""Kapal-kapal AS yang dapat dengan bebas melewati Selat Taiwan adalah bagian dari misi melaksanakan strategi Indo-Pasifik,"" kata kementerian dalam pernyataannya, dikutip SCMP. Senada dengan pernyataan militer AS, angkatan bersenjata Taiwan yang terus memantau saat kapal-kapal tersebut berlayar melalui selat, tidak ada insiden yang terjadi. Belum ada tanggapan langsung dari Beijing atas kabar pelayaran dua kapal perang AS di Selat Taiwan itu. AS tidak memiliki hubungan kerjasama formal dengan Taiwan, namun terikat oleh hukum untuk membantu menyediakan negara pulau tersebut dengan sarana pertahanan diri dan sebagai sumber utama pemasok senjata. Pentagon mengatakan, Washington telah melakukan perdagangan persenjataan dengan Taipei hingga lebih dari 15 miliar dolar AS (sekitar Rp 213 triliun) sejak 2010. Beijing telah berupaya meningkatkan tekanan untuk menegaskan kembali kedaulatannya terhadap pulau Taiwan, yang masih dianggap sebagai bagian dari China. China telah berulang kali mengirimkan pesawat dan kapal perangnya untuk mengelilingi pulau Taiwan dalam misi latihan selama beberapa tahun terakhir dan bekerja keras untuk mengisolasi negara pulau itu secara internasional dengan mengurangi sekutu diplomatiknya.",Luar Negeri
29,"Punya mimpi memiliki bisnis waralaba atau franchise dari Indomaret atau Alfamart? Perkembangan financial technology (fintech) equity crowdfunding urun dana melalui penawaran saham berbasis teknologi informasi berinvestasi dalam sebuah model bisnis UMKM hingga waralaba menjadi lebih mudah. Pasalnya, untuk waralaba sekelas Indomaret setidaknya dibutuhkan modal senilai Rp 500 juta hingga Rp 1,5 miliar, tentu hal tersebut cukup memberatkan. Keberadaan platform equity crowdfunding bisa menjadi salah satu pilihan investasi bagi mereka yang ingin memiliki pendapatan pasif melalui bisnis waralaba, bisnis UMKM, hingga real estate bermodalkan setidaknya Rp 5 juta. Misalnya saja platform equity crodfunding Bizhare. Platform ini menyediakan pilihan investasi bisnis jenis waralaba. CEO Bizhare Heinrinch Vincent menjelaskasn, setidaknya saat ini sudah ada 15 waralaba yang sudah berjalan dan menghasilkan profit setiap bulannya. Untuk bisnis waralaba Indomaret, maksimal investor yang terlibat sebanyak 5 orang, sehingga minimal investasi yang diberikan untuk bisa membuka sebuah waralaba Indomaret sebesar Rp 100 juta per orang. Sementara untuk Alfamart, jumlah maksimal investor untuk satu bisnis waralaba sebanyak 300 orang. ""Kalau ada yang mau investasi Indomaret dia minimal misalkan 6 orang Rp 100 juta, tapi kalau mau yang lebih kecil Alfamart bisa Rp 5 juta per investor,"" jelas Vincent di Jakarta, Selasa (23/4/2019). Vincent mengatakan, imbal hasil yang bisa didapatkan jika berinvestasi bisnis waralaba alfamart mulai dari 15 persen sampai dengan 27 persen per tahun. Pembagian imbal hasil pun dilakukan setiap 3 bulan. Return sekelas alfamart bisa sampai 15-27 persen per tahun bagi hasil per 3 bulanan. Vincent mengatakan, melalui platform equity crowdfunding diharapkan bisa membantu seseorang untuk bisa mendapatkan pendapatan pasif secara rutin. Hal ini berbeda dengan investasi reksa dana misalnya, di mana investor mendapatkan penghasilan dari peningkatan nilai modal atau capital gain dari produk yang dibeli. ""Sementara untuk equity crowdfunding, Bizhare sendiri khususnya kita fokus di aset bisnis yg menghasilkan cashflow dari bisnis yang bersangkutan. Jadi memang kita invest dapat penghasilan dr hasil profit sharingnya,"" jelas Vincent.",Keuangan
30,"Negara-negara Asia Tenggara menjadi incaran ekspansi perusahaan financial technology ( fintech). Adanya kemiripan karakter pasar menjadi salah satu penyebabnya. Kepala Bidang Kelembagaan dan Humas Asosiasi Fintech Pendanaan Bersama Indonesia (AFPI) Tumbur Pardede mengatakan, pasar di Asia Tenggara sangat besar dan secara budaya dan perilaku masyarakat hampir sama dengan Indonesia. Kenyataan tersebut merangsang sejumlah penyelenggara fintech ekspansi ke negara di Asia Tenggara. Namun, umumnya beberapa penyelenggara ini memiliki banyak investor global yang mendukung bisnis perusahaan fintech tersebut. ""Mereka tetap memperluas jangkauan area di Indonesia dengan mendirikan kantor perwakilan di banyak provinsi di Indonesia,"" ujar Tumbur. Pemain fintech yang sudah siap ekspansi di antaranya adalah Investree. Perusahaan ini meluncurkan produk pembiayaan online di Filipina pada Januari tahun depan. Chief Executive Officer (CEO) dan Co-Founder Investree Adrian Gunadi mengatakan, pihaknya menyediakan produk pembiayaan produktif yang mirip seperti di Indonesia. ""Kami sedang mempelajari di Filipina, mudah-mudahan finalisasinya tahun ini. Launching pada awal tahun depan,"" ujar Adrian. Investree juga sudah mendaftarkan diri di Thailand. Pemain lain, yaitu Kredit Pintar juga tengah mempersiapkan untuk ekspansi tahun ini. ""Ada kemungkinan akan ekspansi ke Asia Tenggara,"" ujar Vice President Kredit Pintar Boan Sianipar. Boan menyebutkan, potensi pasar di Asia Tenggara di setiap negara berbeda-beda. Tapi ia melihat di Filipina, Vietnam, masih ada kebutuhan untuk akses keuangan yang lebih inklusif bagi semua kalangan masyarakat. Kredivo juga sedang menyiapkan pasar di Asia Tenggara. Indina Andamari Head of Marketing Kredivo menyebutkan ada dua negara yang menjadi incaran yakni Filipina dan Thailand.",Keuangan
